product_id,SKU / Pioneer part number,manufacturer,manufacturer_part_number,product_name,category,subcategory,description,specs,unit_of_measure,quantity_in_stock,reorder_point,price,customer_specific_price,image_ref,lead_time,warehouse_location,is_icc_supply,tags,safety_stock_status
RPL-0003,TIM-32210,Timken,TIM-32210,Timken Tapered Roller Bearing 32210,Bearings,Tapered Roller Bearings,"Single row tapered roller bearing. Bore 50mm, OD 90mm, Width 24.75mm. High radial and axial load capacity, ideal for heavy-duty applications.",Spec details available on request.,Each,32,8,89.00,89.00,https://cdn.create.vista.com/api/media/small/363393714/stock-photo-ball-bearings-steel-metal-industrial-spare-parts-various-sizes-isolated,3-5 business days,R1-01,FALSE,replit-import;replit-id-3;show-price-true;remote-image-source;bearings,OK
RPL-0004,SKF-22220-E,SKF,SKF-22220-E,SKF Spherical Roller Bearing 22220 E,Bearings,Spherical Roller Bearings,"Double row spherical roller bearing with cylindrical bore. Bore 100mm, OD 180mm, Width 46mm. Self-aligning capability for misalignment applications.",Spec details available on request.,Each,15,4,245.00,245.00,https://m.media-amazon.com/images/I/41Oe6Y+UN6L.jpg,Quote required,R1-02,FALSE,replit-import;replit-id-4;show-price-false;remote-image-source;bearings,OK
RPL-0005,NSK-NU210-EW,NSK,NSK-NU210-EW,NSK Cylindrical Roller Bearing NU210EW,Bearings,Cylindrical Roller Bearings,"Single row cylindrical roller bearing, removable inner ring. Bore 50mm, OD 90mm, Width 20mm. High radial load capacity for heavy industrial use.",Spec details available on request.,Each,56,14,67.25,67.25,https://m.media-amazon.com/images/I/51x-AMmCvhL.jpg,3-5 business days,R1-03,FALSE,replit-import;replit-id-5;show-price-true;remote-image-source;bearings,OK
RPL-0006,GATES-AX40,Gates,GATES-AX40,Gates AX40 Cogged V-Belt,Power Transmission,V-Belts,"Classical raw-edge cogged V-belt, AX40 (1/2"" x 42"" OC). Superior flexibility and heat resistance. For use with variable-speed drives and standard V-belt sheaves.",Spec details available on request.,Each,234,58,18.95,18.95,"https://images-eu.ssl-images-amazon.com/images/I/51ollQbZWmL._AC_UL300_SR300,200_.jpg",3-5 business days,R1-04,FALSE,replit-import;replit-id-6;show-price-true;remote-image-source;power-transmission,OK
RPL-0007,DODGE-SH-2-5/8,Dodge,DODGE-SH-2-5/8,Dodge Sure-H Sheave 2-Groove 5/8 Bore,Power Transmission,Belts,"2-groove sheave for B/C section belts. 5/8 bore, 6 pitch diameter. Cast iron construction for long service life.",Spec details available on request.,Each,42,10,54.00,54.00,https://m.media-amazon.com/images/I/71-Rd-kL1-L.jpg,3-5 business days,R1-05,FALSE,replit-import;replit-id-7;show-price-true;remote-image-source;power-transmission,OK
RPL-0008,GATES-8MGT-20S,Gates,GATES-8MGT-20S,Gates Poly Chain 8MGT-20S-21 Sprocket,Power Transmission,Belts,"Synchronous belt sprocket for 8MGT Poly Chain GT belts. 20 teeth, 1 bore, steel construction. For precision timing applications.",Spec details available on request.,Each,28,7,78.50,78.50,https://m.media-amazon.com/images/I/61lEjZ9cXnL.jpg,Quote required,R1-06,FALSE,replit-import;replit-id-8;show-price-false;remote-image-source;power-transmission,OK
RPL-0009,DODGE-FC-200,Dodge,DODGE-FC-200,Dodge FC-200 Flexible Coupling,Power Transmission,Couplings,"Jaw-type flexible coupling, 200 frame size. Accommodates up to 3 degrees angular misalignment. Suitable for pump and motor connections.",Spec details available on request.,Each,67,17,125.00,125.00,"https://images-eu.ssl-images-amazon.com/images/I/51ollQbZWmL._AC_UL300_SR300,200_.jpg",3-5 business days,R1-07,FALSE,replit-import;replit-id-9;show-price-true;remote-image-source;power-transmission,OK
RPL-0013,KMT-2522222,Kennametal,KMT-2522222,Kennametal 1/2in 4-Flute Carbide End Mill,Cutting Tools,End Mills,"Solid carbide square end mill, 1/2 diameter, 4-flute. AlTiN coating for hardened materials and stainless steel. 3in OAL.",Spec details available on request.,Each,64,16,42.00,42.00,https://m.media-amazon.com/images/I/61rqW9SLQTL.jpg,1-3 business days,R1-08,FALSE,replit-import;replit-id-13;show-price-true;remote-image-source;cutting-tools,OK
RPL-0014,MKT-D3348,Makita,MKT-D3348,Makita 3/8in x 12in SDS-Plus Drill Bit,Cutting Tools,Drill Bits,"SDS-Plus carbide-tipped rotary hammer drill bit. 3/8 diameter, 12 overall length. 4-cutter tip for fast drilling in concrete and masonry.",Spec details available on request.,Each,127,32,14.95,14.95,https://www.metcopacific.com/cdn/shop/products/product-image-1665482646_580x.jpg?v=1611215982,1-3 business days,R1-09,FALSE,replit-import;replit-id-14;show-price-true;remote-image-source;cutting-tools,OK
RPL-0015,KMT-1025321,Kennametal,KMT-1025321,Kennametal Carbide Insert CNMG 432,Cutting Tools,Carbide Inserts,"Turning insert CNMG 432, KCP25B grade. For general purpose turning of steel, stainless, and cast iron. Box of 10.",Spec details available on request.,Box/10,89,22,68.00,68.00,https://www.precisebits.com/images/stub-4ff_compsmal.jpg,Quote required,R1-10,FALSE,replit-import;replit-id-15;show-price-false;remote-image-source;cutting-tools,OK
RPL-0016,BSH-21005014,Bosch,BSH-21005014,Bosch 1/2in x 6in Straight Shank Drill Bit,Cutting Tools,Drill Bits,"High-speed steel straight shank twist drill bit. 1/2 diameter, 6 length. Suitable for drilling steel, aluminum, and plastics.",Spec details available on request.,Each,203,51,7.25,7.25,https://m.media-amazon.com/images/I/61rqW9SLQTL.jpg,1-3 business days,R2-01,FALSE,replit-import;replit-id-16;show-price-true;remote-image-source;cutting-tools,OK
RPL-0017,FAS-HHB-1/2-13x2,Fastenal,FAS-HHB-1/2-13x2,Grade 5 Hex Head Bolt 1/2-13 x 2in Box/100,Fasteners,Bolts,"Grade 5 hex head cap screw, 1/2-13 UNC x 2 length, zinc plated. Meets SAE J429 Grade 5 specification.",Spec details available on request.,Box/100,48,12,24.50,24.50,https://www.harfington.com/cdn/shop/files/ux_a25032500ux3856_ux_d02_400x.jpg?v=1778292209,1-3 business days,R2-02,FALSE,replit-import;replit-id-17;show-price-true;remote-image-source;fasteners,OK
RPL-0010,NOR-66253044,Norton Abrasives,NOR-66253044,Norton 4.5in Grinding Wheel Type 27 60 Grit,Abrasives,Grinding Wheels,"Depressed center grinding wheel, 4.5 x 1/4 x 7/8. 60 grit aluminum oxide for general purpose metal grinding. 13,300 RPM max.",Spec details available on request.,Each,312,78,4.25,4.25,https://m.media-amazon.com/images/I/81OU8GZlMSL.jpg,1-3 business days,R2-03,FALSE,replit-import;replit-id-10;show-price-true;remote-image-source;abrasives,OK
RPL-0011,3M-501C-80G,3M,3M-501C-80G,3M Cubitron II Flap Disc 967A 80+ Grit,Abrasives,Flap Discs,"4.5in T29 flap disc with precision-shaped grain. 80+ grit for faster cut rates on stainless and carbon steel. 12,200 RPM max.",Spec details available on request.,Each,188,47,8.50,8.50,https://images-na.ssl-images-amazon.com/images/I/41ptsaAGQEL.jpg,1-3 business days,R2-04,FALSE,replit-import;replit-id-11;show-price-true;remote-image-source;abrasives,OK
RPL-0012,NOR-66261131502,Norton Abrasives,NOR-66261131502,Norton Blaze RapidStrip Disc 4.5in,Abrasives,Abrasive Products,"Open weave surface conditioning disc for paint and coating removal. 4.5 diameter, non-loading construction. Works on contoured surfaces.",Spec details available on request.,Each,95,24,6.75,6.75,https://m.media-amazon.com/images/I/81OU8GZlMSL.jpg,1-3 business days,R2-05,FALSE,replit-import;replit-id-12;show-price-true;remote-image-source;abrasives,OK
RPL-0001,SKF-6205-2RS,SKF,SKF-6205-2RS,SKF Deep Groove Ball Bearing 6205-2RS,Bearings,Ball Bearings,"Single row deep groove ball bearing with rubber seals on both sides. Bore 25mm, OD 52mm, Width 15mm. Suitable for electric motors, pumps, and gearboxes.",Spec details available on request.,Each,145,36,12.50,12.50,https://m.media-amazon.com/images/I/41Oe6Y+UN6L.jpg,3-5 business days,R2-06,FALSE,replit-import;replit-id-1;show-price-true;remote-image-source;bearings,OK
RPL-0002,NSK-6308-ZZ,NSK,NSK-6308-ZZ,NSK Deep Groove Ball Bearing 6308-ZZ,Bearings,Ball Bearings,"Single row deep groove ball bearing with metal shields. Bore 40mm, OD 90mm, Width 23mm. Metal shields for light contamination protection.",Spec details available on request.,Each,78,20,28.75,28.75,https://m.media-amazon.com/images/I/51x-AMmCvhL.jpg,3-5 business days,R2-07,FALSE,replit-import;replit-id-2;show-price-true;remote-image-source;bearings,OK
RPL-0018,FAS-HHN-1/2-13,Fastenal,FAS-HHN-1/2-13,Grade 5 Hex Nut 1/2-13 UNC Box/100,Fasteners,Nuts,"Grade 5 finished hex nut, 1/2-13 UNC, zinc plated. Meets SAE J995 Grade 5 specification.",Spec details available on request.,Box/100,73,18,9.75,9.75,https://www.harfington.com/cdn/shop/files/ux_a25032500ux3856_ux_d03_400x.jpg?v=1778292211,1-3 business days,R2-08,FALSE,replit-import;replit-id-18;show-price-true;remote-image-source;fasteners,OK
RPL-0019,FAS-FW-1/2-HVY,Fastenal,FAS-FW-1/2-HVY,F436 Heavy Hex Flat Washer 1/2in Box/100,Fasteners,Bolts,"F436 heavy hex structural flat washer for 1/2 bolts. Hardened steel, zinc plated. For structural bolting applications.",Spec details available on request.,Box/100,156,39,11.25,11.25,https://m.media-amazon.com/images/I/71FrpmA21LL.jpg,1-3 business days,R2-09,FALSE,replit-import;replit-id-19;show-price-true;remote-image-source;fasteners,OK
RPL-0020,FAS-SHC-1/4-20x1,Fastenal,FAS-SHC-1/4-20x1,Socket Head Cap Screw 1/4-20 x 1in Box/100,Fasteners,Screws,"Alloy steel socket head cap screw, 1/4-20 UNC x 1 length, black oxide. ANSI B18.3 standard.",Spec details available on request.,Box/100,215,54,19.00,19.00,https://www.harfington.com/cdn/shop/files/ux_a25032500ux3856_ux_d02_400x.jpg?v=1778292209,1-3 business days,R2-10,FALSE,replit-import;replit-id-20;show-price-true;remote-image-source;fasteners,OK
RPL-0031,MRO-CLOTH-12,Pioneer Industrial,MRO-CLOTH-12,Industrial Shop Cloths 12x12 Box/200,MRO Supplies,MRO Supplies,"White cotton shop cloths for cleaning and wiping. 12 x 12, 200 count box. Lint-free, reusable, and machine washable.",Spec details available on request.,Box/200,67,17,28.00,28.00,https://m.media-amazon.com/images/I/61BaKOuSBiL.jpg,1-3 business days,R3-01,FALSE,replit-import;replit-id-31;show-price-true;remote-image-source;mro-supplies,OK
RPL-0032,MRO-TAPE-2X60,Pioneer Industrial,MRO-TAPE-2X60,Industrial Masking Tape 2in x 60yd,MRO Supplies,MRO Supplies,"General purpose masking tape, 2 x 60 yards. Medium adhesion, clean removal. For masking during painting, holding, and bundling.",Spec details available on request.,Roll,234,58,4.75,4.75,https://cdn11.bigcommerce.com/s-lzab3xj0a7/images/stencil/500x659/products/2158/13684/Garant-Tap-wrench-adjustable-strengthened_6954__12574.1771341822.jpg?c=1,1-3 business days,R3-02,FALSE,replit-import;replit-id-32;show-price-true;remote-image-source;mro-supplies,OK
RPL-0033,RDG-31610,Ridgid,RDG-31610,Ridgid 10in Heavy Duty Adjustable Wrench,MRO Supplies,MRO Supplies,"Heavy-duty adjustable wrench with I-beam handle. 10 length, 1-5/8 jaw capacity. Drop-forged steel for maximum strength.",Spec details available on request.,Each,5,1,42.00,42.00,https://images-na.ssl-images-amazon.com/images/I/81pJ6wJXHGL.jpg,1-3 business days,R3-03,FALSE,replit-import;replit-id-33;show-price-true;remote-image-source;mro-supplies,OK
RPL-0042,DODGE-SH-2-58,Dodge,DODGE-SH-2-58,Dodge Sure-H Sheave 2-Groove 5/8 Bore,Power Transmission,Belts,"2-groove sheave for B/C section belts. 5/8 bore, 6 pitch diameter. Cast iron construction.",Spec details available on request.,Each,42,10,54.00,54.00,https://m.media-amazon.com/images/I/71-Rd-kL1-L.jpg,3-5 business days,R3-04,FALSE,replit-import;replit-id-42;show-price-true;remote-image-source;power-transmission,OK
RPL-0052,FAS-HHB-12-13x2,Fastenal,FAS-HHB-12-13x2,Grade 5 Hex Head Bolt 1/2-13 x 2in Box/100,Fasteners,Bolts,"Grade 5 hex head cap screw, 1/2-13 UNC x 2 length, zinc plated. Meets SAE J429 Grade 5.",Spec details available on request.,Box/100,48,12,24.50,24.50,https://www.harfington.com/cdn/shop/files/ux_a25032500ux3856_ux_d03_400x.jpg?v=1778292211,1-3 business days,R3-05,FALSE,replit-import;replit-id-52;show-price-true;remote-image-source;fasteners,OK
RPL-0053,FAS-HHN-12-13,Fastenal,FAS-HHN-12-13,Grade 5 Hex Nut 1/2-13 UNC Box/100,Fasteners,Nuts,"Grade 5 finished hex nut, 1/2-13 UNC, zinc plated. Meets SAE J995 Grade 5 specification.",Spec details available on request.,Box/100,73,18,9.75,9.75,https://m.media-amazon.com/images/I/71FrpmA21LL.jpg,1-3 business days,R3-06,FALSE,replit-import;replit-id-53;show-price-true;remote-image-source;fasteners,OK
RPL-0054,FAS-FW-12-HVY,Fastenal,FAS-FW-12-HVY,F436 Heavy Hex Flat Washer 1/2in Box/100,Fasteners,Bolts,"F436 heavy hex structural flat washer for 1/2 bolts. Hardened steel, zinc plated.",Spec details available on request.,Box/100,156,39,11.25,11.25,https://www.harfington.com/cdn/shop/files/ux_a25032500ux3856_ux_d02_400x.jpg?v=1778292209,1-3 business days,R3-07,FALSE,replit-import;replit-id-54;show-price-true;remote-image-source;fasteners,OK
RPL-0055,FAS-SHC-14-20x1,Fastenal,FAS-SHC-14-20x1,Socket Head Cap Screw 1/4-20 x 1in Box/100,Fasteners,Screws,"Alloy steel socket head cap screw, 1/4-20 UNC x 1 length, black oxide. ANSI B18.3 standard.",Spec details available on request.,Box/100,215,54,19.00,19.00,https://www.harfington.com/cdn/shop/files/ux_a25032500ux3856_ux_d03_400x.jpg?v=1778292211,1-3 business days,R3-08,FALSE,replit-import;replit-id-55;show-price-true;remote-image-source;fasteners,OK
RPL-0021,EAT-E50SA1,Eaton,EAT-E50SA1,Eaton E50SA1 Limit Switch,Electrical,Electrical Components,"Standard enclosed limit switch, top push roller plunger actuator, SPDT contacts. NEMA 4, 4X, 12, 13 rated. 600V AC/250V DC.",Spec details available on request.,Each,34,8,89.50,89.50,https://m.media-amazon.com/images/I/411NdeyrU7L.jpg,1-3 business days,R3-09,FALSE,replit-import;replit-id-21;show-price-true;remote-image-source;electrical,OK
RPL-0022,EAT-XTCE032B10,Eaton,EAT-XTCE032B10,Eaton IEC Contactor 32A 3-Pole 24VAC,Electrical,Electrical Components,"IEC contactor, 32A, 3-pole, 24VAC coil, 1 N.O. auxiliary contact. For motor control and switching applications up to 15HP at 460V.",Spec details available on request.,Each,19,5,142.00,142.00,https://m.media-amazon.com/images/I/414+OudmdEL.jpg,Quote required,R3-10,FALSE,replit-import;replit-id-22;show-price-false;remote-image-source;electrical,OK
RPL-0023,BOSH-CableTie-100,Bosch,BOSH-CableTie-100,Bosch Cable Tie 12in 50lb Black 100-Pack,Electrical,Wire,"Nylon cable ties, 12 length, 50 lb tensile strength, UV-resistant black. Pack of 100. For wire management and bundling.",Spec details available on request.,Pack/100,342,86,6.95,6.95,https://m.media-amazon.com/images/I/411NdeyrU7L.jpg,1-3 business days,R4-01,FALSE,replit-import;replit-id-23;show-price-true;remote-image-source;electrical,OK
RPL-0024,HON-1010931,Honeywell,HON-1010931,Honeywell North 5500 Half Mask Respirator,Safety Supplies,Respiratory Protection,"Low-profile half-face respirator, medium size. Accepts North P100, organic vapor, and combination cartridges. NIOSH approved.",Spec details available on request.,Each,87,22,28.00,28.00,https://m.media-amazon.com/images/I/61-LABEk6gS.jpg,1-3 business days,R4-02,FALSE,replit-import;replit-id-24;show-price-true;remote-image-source;safety-supplies,OK
RPL-0025,3M-7502,3M,3M-7502,3M Half Facepiece Reusable Respirator 7502,Safety Supplies,Respiratory Protection,"Half facepiece respirator, medium size. Bayonet-style cartridge connection. Soft, silicone facepiece for extended wear comfort. NIOSH approved.",Spec details available on request.,Each,112,28,24.00,24.00,"https://m.media-amazon.com/images/S/aplus-media-library-service-media/a2123363-982f-4c9a-b202-9dadef274e3a.__CR0,0,971,601_PT0_SX970_V1___.png",1-3 business days,R4-03,FALSE,replit-import;replit-id-25;show-price-true;remote-image-source;safety-supplies,OK
RPL-0026,HON-GH-15KO,Honeywell,HON-GH-15KO,Honeywell Uvex Anti-Fog Safety Glasses,Safety Supplies,Eye Protection,"Uvex S3200 Genesis XC safety glasses. Scratch and fog resistant, clear lens, black frame. ANSI Z87.1 rated.",Spec details available on request.,Each,265,66,7.50,7.50,https://m.media-amazon.com/images/I/61-LABEk6gS.jpg,1-3 business days,R4-04,FALSE,replit-import;replit-id-26;show-price-true;remote-image-source;safety-supplies,OK
RPL-0027,HON-SSB10G-L,Honeywell,HON-SSB10G-L,Honeywell North Chemical Resistant Gloves Large,Safety Supplies,Hand Protection,"Chemical resistant neoprene gloves, 14 length, Large size. Excellent resistance to oils, acids, and solvents. 30 mil thickness.",Spec details available on request.,Pair,178,44,12.50,12.50,"https://m.media-amazon.com/images/S/aplus-media-library-service-media/a2123363-982f-4c9a-b202-9dadef274e3a.__CR0,0,971,601_PT0_SX970_V1___.png",1-3 business days,R4-05,FALSE,replit-import;replit-id-27;show-price-true;remote-image-source;safety-supplies,OK
RPL-0028,MOB-MBL-1,Mobil,MOB-MBL-1,Mobil 1 Synthetic Motor Oil 5W-30 1qt,Lubricants,Oil,Full synthetic motor oil for extended drain intervals. Exceptional protection at temperature extremes. Meets GM dexos1 Gen 2 and API SP specifications.,Spec details available on request.,Quart,423,106,8.95,8.95,https://m.media-amazon.com/images/I/71ZskdcQYvL.jpg,1-3 business days,R4-06,FALSE,replit-import;replit-id-28;show-price-true;remote-image-source;lubricants,OK
RPL-0029,MOB-MGS-HP-1,Mobil,MOB-MGS-HP-1,Mobilgrease HP Synthetic Grease 14oz,Lubricants,Grease,"Synthetic lithium complex grease, NLGI Grade 2. For high-speed, high-temperature bearing applications. -40F to 350F service range.",Spec details available on request.,Cartridge,156,39,14.25,14.25,https://m.media-amazon.com/images/I/51qqDQ3NMXL.jpg,1-3 business days,R4-07,FALSE,replit-import;replit-id-29;show-price-true;remote-image-source;lubricants,OK
RPL-0030,MOB-DTE-25,Mobil,MOB-DTE-25,Mobil DTE 25 Hydraulic Oil 1 Gallon ISO VG 46,Lubricants,Oil,Premium performance hydraulic oil ISO VG 46. Provides excellent wear protection and system cleanliness for hydraulic equipment.,Spec details available on request.,Gallon,89,22,22.50,22.50,https://m.media-amazon.com/images/I/71ZskdcQYvL.jpg,1-3 business days,R4-08,FALSE,replit-import;replit-id-30;show-price-true;remote-image-source;lubricants,OK
RPL-0034,MAT-HC-2-40,Pioneer Industrial,MAT-HC-2-40,Steel Drum Dolly 400 lb Capacity,Material Handling,Material Handling,"Heavy-duty steel drum dolly for 55-gallon drums. 400 lb capacity, 4 swivel casters with polyurethane wheels. 24 diameter platform.",Spec details available on request.,Each,23,6,89.00,89.00,https://m.media-amazon.com/images/I/61FKw7pxh7L.jpg,1-3 business days,R4-09,FALSE,replit-import;replit-id-34;show-price-true;remote-image-source;material-handling,OK
RPL-0035,MAT-FC-2000,Pioneer Industrial,MAT-FC-2000,Industrial Folding Hand Truck 800 lb,Material Handling,Material Handling,"Foldable steel hand truck with 800 lb capacity. 10 pneumatic wheels, stair climbers included. Converts between upright and platform configurations.",Spec details available on request.,Each,8,2,175.00,175.00,https://m.media-amazon.com/images/I/413MLLznjZL.jpg,Quote required,R4-10,FALSE,replit-import;replit-id-35;show-price-false;remote-image-source;material-handling,OK
RPL-0072,DOLAC43G,Von Roll,DOLAC43G,"AC-43 Air-Drying Varnish, 1 Gallon, Clear",Electrical Insulation,Electrical Insulation,"Von Roll/John C Dolph Synthite AC-43 is an air-drying alkyd-based varnish for insulating electrical motor windings. Available in a 1-gallon container for dip, flow, or brush application. Excellent adhesion to magnet wire and winding materials.","{'Size': '1 Gallon', 'Type': 'Alkyd Air-Drying Varnish', 'Color': 'Clear', 'Application': 'Dip / Flow / Brush', 'Thermal Class': 'B (130 C)'}",Gallon,25,6,85.20,85.20,https://www.electro-wind.com/web-files/Web-pics/Dolphs/drum-white.jpg,3-5 business days,R5-01,FALSE,replit-import;replit-id-72;show-price-true;remote-image-source;electrical-insulation,OK
RPL-0074,DOLER41,Von Roll,DOLER41,"Dolph-Spray ER-41 Air-Drying Varnish, 20 oz, Red",Electrical Insulation,Electrical Insulation,Von Roll/John C Dolph Synthite Dolph-Spray ER-41 is a solvent-based air-drying varnish in a 20 oz aerosol can. The distinctive red color makes it easy to identify coated areas during winding. Excellent for motor and transformer insulation.,"{'Size': '20 oz', 'Type': 'Air-Drying Varnish', 'Color': 'Red', 'Application': 'Aerosol Spray', 'Thermal Class': 'B (130 C)'}",Can,50,12,13.85,13.85,https://arandee.co.nz/wp-content/uploads/2022/11/Sprayon_Insultating_Varnish_Clear.jpg,3-5 business days,R5-02,FALSE,replit-import;replit-id-74;show-price-true;remote-image-source;electrical-insulation,OK
RPL-0075,EPOEL400-C12100GM,Electrolock,EPOEL400-C12100GM,"Electrolock EL400/C12 Two-Component Epoxy Resin, 100 g",Electrical Insulation,Electrical Insulation,"Electrolock EL400/C12 is a two-component epoxy resin system for potting and encapsulating electrical components. Provides superior electrical insulation, chemical resistance, and mechanical strength. 100 g kit includes resin and hardener.","{'Cure': 'Room Temperature', 'Type': 'Two-Component Epoxy', 'Weight': '100 g', 'Mix Ratio': 'Per Data Sheet', 'Application': 'Potting / Encapsulation'}",Kit,30,8,23.09,23.09,https://image.made-in-china.com/202f0j00mcqbGiHnlukS/Professional-Customized-Two-Component-Epoxy-Resin-Potting-Compound-for-Electrical-Waterproof-Function.webp,3-5 business days,R5-03,FALSE,replit-import;replit-id-75;show-price-true;remote-image-source;electrical-insulation,OK
RPL-0076,BANDLG14H1-4,Lectromat,BANDLG14H1-4,"Lectromat B-Stage Fiberglass Surge Rope, 1/4 in x 100 ft, White",Electrical Insulation,Electrical Insulation,"Lectromat BANDLG14H1/4 B-Stage Fiberglass Surge Rope for coil bracing and blocking in electrical motor windings. 1/4 inch diameter, 100 ft length in white. B-stage resin impregnated for heat-cured bonding after winding. Priced per foot.","{'Type': 'B-Stage Fiberglass', 'Color': 'White', 'Length': '100 ft', 'Diameter': '1/4 in', 'Application': 'Surge Rope / Coil Bracing'}",ft,500,125,2.63,2.63,https://www.electro-wind.com/web-files/Web-pics/Fibertek/surge-rope.jpg,3-5 business days,R5-04,FALSE,replit-import;replit-id-76;show-price-true;remote-image-source;electrical-insulation,OK
RPL-0077,BANDLG14H3-8,Lectromat,BANDLG14H3-8,"Lectromat B-Stage Fiberglass Surge Rope, 3/8 in x 100 ft Coil, White",Electrical Insulation,Electrical Insulation,Lectromat BANDLG14H3/8 B-Stage Fiberglass Surge Rope for coil bracing and blocking in electrical motor windings. 3/8 inch diameter x 100-foot coil in white. B-stage resin impregnated for heat-cured bonding. Essential for surge protection in high-voltage windings.,"{'Type': 'B-Stage Fiberglass', 'Color': 'White', 'Length': '100 ft', 'Diameter': '3/8 in', 'Application': 'Surge Rope / Coil Bracing'}",Coil,20,5,317.82,317.82,https://www.electro-wind.com/web-files/Web-pics/Fibertek/surge-rope.jpg,3-5 business days,R5-05,FALSE,replit-import;replit-id-77;show-price-true;remote-image-source;electrical-insulation,OK
RPL-0078,BAND768313-8,Von Roll,BAND768313-8,"Von Roll 76831 Permafil Polyester Surge Rope, 3/8 in x 50 ft Spool",Electrical Insulation,Electrical Insulation,Von Roll 76831 Permafil polyester surge rope on a 50-foot spool for end-turn blocking and bracing in electrical motor and generator windings. 3/8 inch diameter provides excellent mechanical support and vibration resistance.,"{'Type': 'Surge Rope', 'Length': '50 ft', 'Diameter': '3/8 in', 'Material': 'Polyester', 'Application': 'End-Turn Blocking / Bracing'}",Spool,15,4,263.00,263.00,https://www.electro-wind.com/web-files/Web-pics/Fibertek/surge-rope.jpg,3-5 business days,R5-06,FALSE,replit-import;replit-id-78;show-price-true;remote-image-source;electrical-insulation,OK
RPL-0080,MYLAR1401,DuPont,MYLAR1401,"DuPont Mylar MO Polyester Film Sheet, 14 Mil x 24 x 36 in",Electrical Insulation,Electrical Insulation,"DuPont Mylar MO biaxially oriented polyester film sheet provides excellent dielectric strength and mechanical properties for slot liner and phase insulation in electrical motors. 14 mil thickness, 24 x 36 inch sheet size.","{'Width': '24 in', 'Length': '36 in', 'Material': 'Biaxially Oriented Polyester', 'Thickness': '14 Mil', 'Dielectric Strength': '5500 V/mil'}",Sheet,100,25,6.00,6.00,https://s.alicdn.com/@sc04/kf/Hb8caa3dba40c4ba3ab96387fc4fe52e8P.jpg_300x300.jpg,3-5 business days,R5-07,FALSE,replit-import;replit-id-80;show-price-true;remote-image-source;electrical-insulation,OK
RPL-0081,NMX4141502,DuPont,NMX4141502,"DuPont Nomex 414 Paper Sheet, 15 Mil x 36 x 36 in",Electrical Insulation,Electrical Insulation,"DuPont Nomex 414 is a composite NMN insulation paper combining Nomex Type 410 paper laminated with Mylar polyester film. Ideal for slot liner insulation in motors and generators. 15 mil thickness, 36 x 36 inch sheet.","{'Type': 'Composite NMN', 'Width': '36 in', 'Length': '36 in', 'Thickness': '15 Mil', 'Thermal Class': 'F (155 C)'}",Sheet,75,19,39.00,39.00,https://www.elangmas.com/images/product/zoom/RF20160132_-_DUPONT_Nomex_PAPER_TYPE_410_DATA_SHEET.png,3-5 business days,R5-08,FALSE,replit-import;replit-id-81;show-price-true;remote-image-source;electrical-insulation,OK
RPL-0083,MYLAR7685103,Von Roll,MYLAR7685103,"Von Roll Acuflex 76851 Heat Shrink PET Tape, 2 Mil x 3/4 in x 120 yd",Specialty Tapes & Films,Specialty Tape,"Von Roll Acuflex Mylar 76851 is a heat-shrink biaxially oriented PET flexible tape roll. Provides phase-to-phase and turn insulation in motor windings. 2 mil thickness, 3/4 inch width, 120-yard roll.","{'Width': '3/4 in', 'Length': '120 yd', 'Material': 'Heat Shrink PET', 'Thickness': '2 Mil', 'Application': 'Motor Winding Insulation'}",Roll,60,15,22.63,22.63,https://www.electro-wind.com/web-files/Web-pics/3M/3m56.jpg,3-5 business days,R5-09,FALSE,replit-import;replit-id-83;show-price-true;remote-image-source;specialty-tapes-and-films,OK
RPL-0084,91146458125625,DuPont,91146458125625,".005 in WC Mylar Tape, 0.812 in x 350 ft",Specialty Tapes & Films,Specialty Tape,"DuPont WC Mylar polyester film tape, 0.005 inch thickness, 0.812 inch wide x 350 ft long. Used for slot liner, phase separator, and turn insulation in electrical motor windings. Excellent dielectric properties.","{'Width': '0.812 in', 'Length': '350 ft', 'Material': 'WC Polyester Film', 'Thickness': '0.005 in', 'Application': 'Motor Winding Insulation'}",Roll,80,20,15.10,15.10,https://www.electro-wind.com/web-files/Web-pics/3M/3m56.jpg,3-5 business days,R5-10,FALSE,replit-import;replit-id-84;show-price-true;remote-image-source;specialty-tapes-and-films,OK
RPL-0085,9114645531625,DuPont,9114645531625,".005 in WC Mylar Tape, 0.531 in x 350 ft",Specialty Tapes & Films,Specialty Tape,"DuPont WC Mylar polyester film tape, 0.005 inch thickness, 0.531 inch wide x 350 ft long. Used for slot liner, phase separator, and turn insulation in electrical motor windings.","{'Width': '0.531 in', 'Length': '350 ft', 'Material': 'WC Polyester Film', 'Thickness': '0.005 in', 'Application': 'Motor Winding Insulation'}",Roll,80,20,14.20,14.20,https://www.electro-wind.com/web-files/Web-pics/3M/3m56.jpg,3-5 business days,R6-01,FALSE,replit-import;replit-id-85;show-price-true;remote-image-source;specialty-tapes-and-films,OK
RPL-0086,9114645406625,DuPont,9114645406625,".005 in WC Mylar Tape, 0.406 in x 350 ft",Specialty Tapes & Films,Specialty Tape,"DuPont WC Mylar polyester film tape, 0.005 inch thickness, 0.406 inch wide x 350 ft long. For slot liner, phase separator, and turn insulation in electrical motor windings.","{'Width': '0.406 in', 'Length': '350 ft', 'Material': 'WC Polyester Film', 'Thickness': '0.005 in', 'Application': 'Motor Winding Insulation'}",Roll,80,20,16.18,16.18,https://www.electro-wind.com/web-files/Web-pics/3M/3m56.jpg,3-5 business days,R6-02,FALSE,replit-import;replit-id-86;show-price-true;remote-image-source;specialty-tapes-and-films,OK
RPL-0087,911464MYL5X250,DuPont,911464MYL5X250,".005 in WC Mylar Tape, 0.25 in x 350 ft",Specialty Tapes & Films,Specialty Tape,"DuPont WC Mylar polyester film tape, 0.005 inch thickness, 0.25 inch wide x 350 ft long. Narrowest standard width for precision motor winding insulation applications.","{'Width': '0.25 in', 'Length': '350 ft', 'Material': 'WC Polyester Film', 'Thickness': '0.005 in', 'Application': 'Motor Winding Insulation'}",Roll,80,20,14.99,14.99,https://www.electro-wind.com/web-files/Web-pics/3M/3m56.jpg,3-5 business days,R6-03,FALSE,replit-import;replit-id-87;show-price-true;remote-image-source;specialty-tapes-and-films,OK
RPL-0089,THERM10PSTX75,Von Roll,THERM10PSTX75,"Von Roll Thermal H10 PSA Glass Cloth Tape, 3/4 in x 36 yd",Specialty Tapes & Films,Specialty Tape,"Von Roll Thermal H10 Acrylic Pressure Sensitive Adhesive varnished fiberglass glass cloth tape. 10 mil thickness, 3/4 inch wide, 36-yard roll. Used for binding, bracing, and insulating motor coils. Excellent heat resistance.","{'Width': '3/4 in', 'Length': '36 yd', 'Adhesive': 'Acrylic PSA', 'Material': 'Varnished Glass Cloth', 'Thickness': '10 Mil'}",Roll,35,9,25.78,25.78,https://m.media-amazon.com/images/I/81+Zx3H4uuL.jpg,3-5 business days,R6-04,FALSE,replit-import;replit-id-89;show-price-true;remote-image-source;specialty-tapes-and-films,OK
RPL-0090,THERM10PSX100,Von Roll,THERM10PSX100,"Von Roll Thermal H PSA Glass Cloth Tape, 1 in x 36 yd",Specialty Tapes & Films,Specialty Tape,"Von Roll Thermal H Acrylic Pressure Sensitive Adhesive varnished fiberglass glass cloth tape. 10 mil thickness, 1 inch wide, 36-yard roll. Ideal for binding, bracing, and insulating motor and transformer coils.","{'Width': '1 in', 'Length': '36 yd', 'Adhesive': 'Acrylic PSA', 'Material': 'Varnished Glass Cloth', 'Thickness': '10 Mil'}",Roll,35,9,33.94,33.94,https://m.media-amazon.com/images/I/81+Zx3H4uuL.jpg,3-5 business days,R6-05,FALSE,replit-import;replit-id-90;show-price-true;remote-image-source;specialty-tapes-and-films,OK
RPL-0091,3M56X25,3M,3M56X25,"3M 56 Polyester Electrical Tape, 1/4 in x 72 yd x 2.3 Mil, Yellow",Specialty Tapes & Films,Specialty Tape,"3M 56 is a heat-resistant polyester electrical tape with rubber adhesive. 2.3 mil thickness, 1/4 inch wide, 72-yard roll in yellow. Used for wrapping motor and transformer coils. Excellent dielectric and mechanical properties.","{'Color': 'Yellow', 'Width': '1/4 in', 'Length': '72 yd', 'Material': 'Polyester Film', 'Max Temp': '130 C', 'Thickness': '2.3 Mil'}",Roll,120,30,6.70,6.70,https://images-na.ssl-images-amazon.com/images/I/510oMYUX41L.jpg,3-5 business days,R6-06,FALSE,replit-import;replit-id-91;show-price-true;remote-image-source;specialty-tapes-and-films,OK
RPL-0092,3M56X50,3M,3M56X50,"3M 56 Polyester Electrical Tape, 1/2 in x 72 yd x 2.3 Mil, Yellow",Specialty Tapes & Films,Specialty Tape,"3M 56 heat-resistant polyester electrical tape with rubber adhesive. 2.3 mil thickness, 1/2 inch wide, 72-yard roll in yellow. Standard width for motor and transformer coil wrapping applications.","{'Color': 'Yellow', 'Width': '1/2 in', 'Length': '72 yd', 'Material': 'Polyester Film', 'Max Temp': '130 C', 'Thickness': '2.3 Mil'}",Roll,120,30,15.16,15.16,https://images-na.ssl-images-amazon.com/images/I/510oMYUX41L.jpg,3-5 business days,R6-07,FALSE,replit-import;replit-id-92;show-price-true;remote-image-source;specialty-tapes-and-films,OK
RPL-0093,3M56X100,3M,3M56X100,"3M 56 Polyester Electrical Tape, 1 in x 72 yd x 2.3 Mil, Yellow",Specialty Tapes & Films,Specialty Tape,"3M 56 heat-resistant polyester electrical tape with rubber adhesive. 2.3 mil thickness, 1 inch wide, 72-yard roll in yellow. Wide format for larger motor and transformer coil wrapping and bracing.","{'Color': 'Yellow', 'Width': '1 in', 'Length': '72 yd', 'Material': 'Polyester Film', 'Max Temp': '130 C', 'Thickness': '2.3 Mil'}",Roll,120,30,25.00,25.00,https://images-na.ssl-images-amazon.com/images/I/510oMYUX41L.jpg,3-5 business days,R6-08,FALSE,replit-import;replit-id-93;show-price-true;remote-image-source;specialty-tapes-and-films,OK
RPL-0095,BAND7687010-1,Von Roll,BAND7687010-1,"Von Roll Poly Glas 76870 Polyester Banding Tape, 1 in x 250 yd",Specialty Tapes & Films,Specialty Tape,"Von Roll Poly Glas 76870 woven polyester banding tape with pressure-sensitive adhesive. 11.5 mil thickness, 1 inch wide, 250-yard roll. For binding and bracing motor coil end-turns where greater width provides added support.","{'Width': '1 in', 'Length': '250 yd', 'Material': 'Woven Polyester', 'Thickness': '11.5 Mil', 'Application': 'Coil Banding / End-Turn Bracing'}",Roll,25,6,221.10,221.10,https://www.elektrabg.com/wp-content/uploads/2023/10/vrav.jpg,3-5 business days,R6-09,FALSE,replit-import;replit-id-95;show-price-true;remote-image-source;specialty-tapes-and-films,OK
RPL-0071,DOLEB41,Von Roll,DOLEB41,"Dolph-Spray EB-41 Air-Drying Urethane Varnish, 20 oz, Black",Electrical Insulation,Electrical Insulation,"Von Roll/John C Dolph Synthite Dolph-Spray EB-41 is a fast-drying solvent-based urethane varnish in a convenient 20 oz aerosol can. Ideal for single-phase electrical motor windings, providing excellent moisture and chemical resistance. Black finish.","{'Size': '20 oz', 'Type': 'Air-Drying Urethane Varnish', 'Color': 'Black', 'Application': 'Aerosol Spray', 'Thermal Class': 'B (130 C)'}",Can,50,12,13.85,13.85,https://arandee.co.nz/wp-content/uploads/2022/11/Sprayon_Insultating_Varnish_Clear.jpg,3-5 business days,R6-10,TRUE,replit-import;replit-id-71;show-price-true;remote-image-source;electrical-insulation,OK
RPL-0073,A00600-SHE,Sherwin-Williams,A00600-SHE,"Sprayon EL600 Insulating Varnish, 20 oz, Clear",Electrical Insulation,Electrical Insulation,"Sherwin-Williams Sprayon EL600 is a fast-drying insulating varnish in a 20 oz aerosol can. Provides outstanding electrical insulation and moisture resistance for motor windings, transformers, and other electrical coils. Clear finish.","{'Size': '20 oz', 'Type': 'Insulating Varnish', 'Color': 'Clear', 'Application': 'Aerosol Spray', 'Dielectric Strength': '600 V/mil'}",Can,60,15,10.97,10.97,https://arandee.co.nz/wp-content/uploads/2022/11/Sprayon_Insultating_Varnish_Clear.jpg,3-5 business days,R7-01,TRUE,replit-import;replit-id-73;show-price-true;remote-image-source;electrical-insulation,OK
RPL-0079,DC738X300MLW,Dow,DC738X300MLW,"Dow Corning 738 Xiameter Electrical Sealant, 300 mL, White",Electrical Insulation,Electrical Insulation,"Dow Corning 738 Xiameter is a one-component RTV silicone electrical sealant in a 300 mL cartridge. Provides excellent electrical insulation, weatherproofing, and sealing for cables, conduits, and electrical enclosures. White. UL listed.","{'Size': '300 mL', 'Type': 'RTV Silicone Sealant', 'Color': 'White', 'Application': 'Electrical Sealing', 'Operating Temp': '-65 C to +200 C'}",Cartridge,40,10,65.83,65.83,https://www.ellsworth.com/globalassets/catalogs/dow-corning-738-white-300ml_431x431.jpg,3-5 business days,R7-02,TRUE,replit-import;replit-id-79;show-price-true;remote-image-source;electrical-insulation,OK
RPL-0082,NMX4102002,DuPont,NMX4102002,"DuPont Nomex 410 Paper Sheet, 20 Mil x 36 x 36 in",Electrical Insulation,Electrical Insulation,"DuPont Nomex Type 410 is a calendered aramid paper providing outstanding thermal, electrical, and mechanical properties for slot liner and wedge insulation in electric motors and transformers. 20 mil thickness, 36 x 36 inch sheet.","{'Width': '36 in', 'Length': '36 in', 'Material': 'Aramid (Nomex) Paper', 'Thickness': '20 Mil', 'Thermal Class': 'H (180 C)'}",Sheet,75,19,57.00,57.00,https://www.elangmas.com/images/product/zoom/RF20160132_-_DUPONT_Nomex_PAPER_TYPE_410_DATA_SHEET.png,3-5 business days,R7-03,TRUE,replit-import;replit-id-82;show-price-true;remote-image-source;electrical-insulation,OK
RPL-0088,3M92X75,3M,3M92X75,"3M 92 Kapton Polyimide Tape, 3/4 in x 36 yd",Specialty Tapes & Films,Specialty Tape,"3M 92 is a polyimide film tape with silicone adhesive. Excellent high-temperature performance for electrical insulation in motors, transformers, and coil winding. Amber/golden color. Resistant to thermal aging, chemicals, and radiation.","{'Color': 'Amber', 'Width': '3/4 in', 'Adhesive': 'Silicone', 'Material': 'Polyimide Film (Kapton)', 'Max Temp': '260 C'}",Roll,45,11,62.00,62.00,https://m.media-amazon.com/images/I/51kuDog5IFL.jpg,3-5 business days,R7-04,TRUE,replit-import;replit-id-88;show-price-true;remote-image-source;specialty-tapes-and-films,OK
RPL-0094,BAND768703-402,Von Roll,BAND768703-402,"Von Roll Poly Glas 76870 Polyester Banding Tape, 3/4 in x 250 yd",Specialty Tapes & Films,Specialty Tape,"Von Roll Poly Glas 76870 is a woven polyester banding tape with pressure-sensitive adhesive. 11.5 mil thickness, 3/4 inch wide, 250-yard roll. Used for binding and bracing motor coil end-turns. Excellent mechanical strength and heat resistance.","{'Width': '3/4 in', 'Length': '250 yd', 'Material': 'Woven Polyester', 'Thickness': '11.5 Mil', 'Application': 'Coil Banding / End-Turn Bracing'}",Roll,25,6,169.00,169.00,https://www.elektrabg.com/wp-content/uploads/2023/10/vrav.jpg,3-5 business days,R7-05,TRUE,replit-import;replit-id-94;show-price-true;remote-image-source;specialty-tapes-and-films,OK
